Metric,Mamba,Transformer,Difference,Ratio (M/T)
Accuracy,0.8844,0.8268,0.057599999999999985,1.06966618287373
Precision,0.8805513016845329,0.8249235474006116,0.055627754283921305,1.0674338300309258
Recall,0.8963367108339828,0.8409976617303195,0.055339049103663274,1.0658016682113067
F1 Score,0.8883738895326381,0.8328830567348514,0.05549083279778666,1.0666249989708365
ROC AUC,0.9447394055761104,0.9099686117236269,0.034770793852483495,1.0382109815706961
