Metric,Mamba,Transformer,Ratio (T/M)
Training Time (s),5601.558110713959,6212.812253236771,1.1091221639482203
Inference Speed (s/sample),0.006751196384429932,0.005861976146697998,0.8682870135754437
Memory Usage (MB),2150.45703125,2344.8046875,1.090375047455392
