Length,Mamba_Time,Transformer_Time,Time_Ratio,Mamba_Memory,Transformer_Memory,Memory_Ratio
128,0.0068102598190307615,0.005608487129211426,0.823534971975508,4362.048828125,7866.57275390625,1.8034123559519273
256,0.006763005256652832,0.005847644805908203,0.8646518203066337,4362.048828125,7866.57275390625,1.8034123559519273
512,0.006865262985229492,0.006985902786254883,1.0175724952248655,4362.048828125,7866.57275390625,1.8034123559519273
1024,0.012240362167358399,0.016075825691223143,1.3133455915293786,4362.048828125,7866.57275390625,1.8034123559519273
2048,0.02420809268951416,0.038416600227355956,1.5869321354670898,4362.048828125,7866.57275390625,1.8034123559519273
4096,0.04614758491516113,0.1104588508605957,2.393599818141426,4362.048828125,7866.57275390625,1.8034123559519273
8192,0.10120213031768799,0.35776526927948,3.5351555165528983,4461.38525390625,7866.57275390625,1.7632578910369876
16384,0.19949715137481688,1.301308798789978,6.522944261720652,7866.57275390625,7866.57275390625,1.0
