Metric,Mamba,Transformer,Difference,Ratio (M/T)
Accuracy,0.8302752293577982,0.8142201834862385,0.016055045871559703,1.0197183098591551
Precision,0.8318385650224215,0.8190045248868778,0.012834040135543678,1.0156702920991998
Recall,0.8355855855855856,0.8153153153153153,0.020270270270270285,1.0248618784530388
F1 Score,0.8337078651685393,0.8171557562076749,0.016552108960864453,1.0202557576510027
ROC AUC,0.9024953692009767,0.8877978445735455,0.014697524627431235,1.0165550352676191
