Metric,Mamba,Transformer,Ratio (T/M)
Training Time (s),2039.6242463588715,1935.587804555893,0.948992348963931
Inference Speed (s/sample),0.006595261096954345,0.004895658493041992,0.7422994209134162
Memory Usage (MB),2163.0390625,2297.48828125,1.062157554655812
