Length,Mamba_Time,Transformer_Time,Time_Ratio,Mamba_Memory,Transformer_Memory,Memory_Ratio
128,0.006662964820861816,0.004780387878417969,0.7174565688011022,2629.037109375,7866.57275390625,2.992187796001239
256,0.0067414999008178714,0.004972267150878906,0.7375609618084659,2629.037109375,7866.57275390625,2.992187796001239
512,0.006783223152160645,0.006788110733032227,1.000720539596287,2629.037109375,7866.57275390625,2.992187796001239
1024,0.012459039688110352,0.016403341293334962,1.3165815106110188,2629.037109375,7866.57275390625,2.992187796001239
2048,0.024061036109924317,0.03846478462219238,1.598633759845738,2629.037109375,7866.57275390625,2.992187796001239
4096,0.04616360664367676,0.109684157371521,2.375987608986893,2758.79150390625,7866.57275390625,2.851456060658353
8192,0.10008575916290283,0.35545732975006106,3.551527537214432,4461.38525390625,7866.57275390625,1.7632578910369876
16384,0.19731802940368653,1.3009852170944214,6.593341830070571,7866.57275390625,7866.57275390625,1.0
